{"ADONIS": {"precision": 0.0, "recall": 0.0, "f1-score": 0.0, "support": 5}, "AFRICAN GIANT SWALLOWTAIL": {"precision": 0.625, "recall": 1.0, "f1-score": 0.7692307692307693, "support": 5}, "AMERICAN SNOOT": {"precision": 0.6666666666666666, "recall": 0.4, "f1-score": 0.5, "support": 5}, "AN 88": {"precision": 1.0, "recall": 1.0, "f1-score": 1.0, "support": 5}, "APPOLLO": {"precision": 0.6666666666666666, "recall": 0.8, "f1-score": 0.7272727272727272, "support": 5}, "ATALA": {"precision": 1.0, "recall": 0.8, "f1-score": 0.888888888888889, "support": 5}, "BANDED ORANGE HELICONIAN": {"precision": 0.6666666666666666, "recall": 0.8, "f1-score": 0.7272727272727272, "support": 5}, "BANDED PEACOCK": {"precision": 0.6, "recall": 0.6, "f1-score": 0.6, "support": 5}, "BECKERS WHITE": {"precision": 0.6, "recall": 0.6, "f1-score": 0.6, "support": 5}, "BLACK HAIRSTREAK": {"precision": 0.4166666666666667, "recall": 1.0, "f1-score": 0.5882352941176471, "support": 5}, "BLUE MORPHO": {"precision": 0.3333333333333333, "recall": 0.2, "f1-score": 0.25, "support": 5}, "BLUE SPOTTED CROW": {"precision": 0.5, "recall": 0.8, "f1-score": 0.6153846153846154, "support": 5}, "BROWN SIPROETA": {"precision": 0.6, "recall": 0.6, "f1-score": 0.6, "support": 5}, "CABBAGE WHITE": {"precision": 0.6, "recall": 0.6, "f1-score": 0.6, "support": 5}, "CAIRNS BIRDWING": {"precision": 0.5, "recall": 0.6, "f1-score": 0.5454545454545454, "support": 5}, "CHECQUERED SKIPPER": {"precision": 0.6666666666666666, "recall": 0.8, "f1-score": 0.7272727272727272, "support": 5}, "CHESTNUT": {"precision": 0.5, "recall": 0.4, "f1-score": 0.4444444444444445, "support": 5}, "CLEOPATRA": {"precision": 0.16666666666666666, "recall": 0.2, "f1-score": 0.1818181818181818, "support": 5}, "CLODIUS PARNASSIAN": {"precision": 0.6666666666666666, "recall": 0.4, "f1-score": 0.5, "support": 5}, "CLOUDED SULPHUR": {"precision": 0.3333333333333333, "recall": 0.2, "f1-score": 0.25, "support": 5}, "COMMON BANDED AWL": {"precision": 0.0, "recall": 0.0, "f1-score": 0.0, "support": 5}, "COMMON WOOD-NYMPH": {"precision": 0.5714285714285714, "recall": 0.8, "f1-score": 0.6666666666666666, "support": 5}, "COPPER TAIL": {"precision": 0.5, "recall": 0.4, "f1-score": 0.4444444444444445, "support": 5}, "CRECENT": {"precision": 0.3333333333333333, "recall": 0.2, "f1-score": 0.25, "support": 5}, "CRIMSON PATCH": {"precision": 0.8, "recall": 0.8, "f1-score": 0.8000000000000002, "support": 5}, "DANAID EGGFLY": {"precision": 0.5, "recall": 0.4, "f1-score": 0.4444444444444445, "support": 5}, "EASTERN COMA": {"precision": 0.3, "recall": 0.6, "f1-score": 0.4, "support": 5}, "EASTERN DAPPLE WHITE": {"precision": 0.5, "recall": 0.4, "f1-score": 0.4444444444444445, "support": 5}, "EASTERN PINE ELFIN": {"precision": 0.6666666666666666, "recall": 0.8, "f1-score": 0.7272727272727272, "support": 5}, "ELBOWED PIERROT": {"precision": 1.0, "recall": 0.8, "f1-score": 0.888888888888889, "support": 5}, "GOLD BANDED": {"precision": 0.3333333333333333, "recall": 0.2, "f1-score": 0.25, "support": 5}, "GREAT EGGFLY": {"precision": 0.5, "recall": 0.2, "f1-score": 0.28571428571428575, "support": 5}, "GREAT JAY": {"precision": 0.6666666666666666, "recall": 0.8, "f1-score": 0.7272727272727272, "support": 5}, "GREEN CELLED CATTLEHEART": {"precision": 0.6, "recall": 0.6, "f1-score": 0.6, "support": 5}, "GREY HAIRSTREAK": {"precision": 0.6666666666666666, "recall": 0.4, "f1-score": 0.5, "support": 5}, "INDRA SWALLOW": {"precision": 1.0, "recall": 0.8, "f1-score": 0.888888888888889, "support": 5}, "IPHICLUS SISTER": {"precision": 0.5, "recall": 0.6, "f1-score": 0.5454545454545454, "support": 5}, "JULIA": {"precision": 0.8, "recall": 0.8, "f1-score": 0.8000000000000002, "support": 5}, "LARGE MARBLE": {"precision": 0.3333333333333333, "recall": 0.4, "f1-score": 0.3636363636363636, "support": 5}, "MALACHITE": {"precision": 0.75, "recall": 0.6, "f1-score": 0.6666666666666665, "support": 5}, "MANGROVE SKIPPER": {"precision": 0.75, "recall": 0.6, "f1-score": 0.6666666666666665, "support": 5}, "MESTRA": {"precision": 0.25, "recall": 0.2, "f1-score": 0.22222222222222224, "support": 5}, "METALMARK": {"precision": 1.0, "recall": 0.2, "f1-score": 0.33333333333333337, "support": 5}, "MILBERTS TORTOISESHELL": {"precision": 0.3333333333333333, "recall": 0.4, "f1-score": 0.3636363636363636, "support": 5}, "MONARCH": {"precision": 0.5, "recall": 0.6, "f1-score": 0.5454545454545454, "support": 5}, "MOURNING CLOAK": {"precision": 0.625, "recall": 1.0, "f1-score": 0.7692307692307693, "support": 5}, "ORANGE OAKLEAF": {"precision": 0.3333333333333333, "recall": 0.4, "f1-score": 0.3636363636363636, "support": 5}, "ORANGE TIP": {"precision": 0.4, "recall": 0.4, "f1-score": 0.4000000000000001, "support": 5}, "ORCHARD SWALLOW": {"precision": 1.0, "recall": 0.6, "f1-score": 0.7499999999999999, "support": 5}, "PAINTED LADY": {"precision": 0.6666666666666666, "recall": 0.4, "f1-score": 0.5, "support": 5}, "PAPER KITE": {"precision": 1.0, "recall": 0.8, "f1-score": 0.888888888888889, "support": 5}, "PEACOCK": {"precision": 0.8, "recall": 0.8, "f1-score": 0.8000000000000002, "support": 5}, "PINE WHITE": {"precision": 0.2222222222222222, "recall": 0.4, "f1-score": 0.2857142857142857, "support": 5}, "PIPEVINE SWALLOW": {"precision": 0.6666666666666666, "recall": 0.4, "f1-score": 0.5, "support": 5}, "POPINJAY": {"precision": 0.625, "recall": 1.0, "f1-score": 0.7692307692307693, "support": 5}, "PURPLE HAIRSTREAK": {"precision": 0.0, "recall": 0.0, "f1-score": 0.0, "support": 5}, "PURPLISH COPPER": {"precision": 0.5, "recall": 0.2, "f1-score": 0.28571428571428575, "support": 5}, "QUESTION MARK": {"precision": 0.0, "recall": 0.0, "f1-score": 0.0, "support": 5}, "RED ADMIRAL": {"precision": 0.5, "recall": 0.6, "f1-score": 0.5454545454545454, "support": 5}, "RED CRACKER": {"precision": 0.6666666666666666, "recall": 0.8, "f1-score": 0.7272727272727272, "support": 5}, "RED POSTMAN": {"precision": 0.6, "recall": 0.6, "f1-score": 0.6, "support": 5}, "RED SPOTTED PURPLE": {"precision": 0.5555555555555556, "recall": 1.0, "f1-score": 0.7142857142857143, "support": 5}, "SCARCE SWALLOW": {"precision": 0.8333333333333334, "recall": 1.0, "f1-score": 0.9090909090909091, "support": 5}, "SILVER SPOT SKIPPER": {"precision": 0.4, "recall": 0.8, "f1-score": 0.5333333333333333, "support": 5}, "SLEEPY ORANGE": {"precision": 0.3, "recall": 0.6, "f1-score": 0.4, "support": 5}, "SOOTYWING": {"precision": 0.5, "recall": 0.2, "f1-score": 0.28571428571428575, "support": 5}, "SOUTHERN DOGFACE": {"precision": 0.5, "recall": 0.2, "f1-score": 0.28571428571428575, "support": 5}, "STRAITED QUEEN": {"precision": 1.0, "recall": 0.2, "f1-score": 0.33333333333333337, "support": 5}, "TROPICAL LEAFWING": {"precision": 0.2, "recall": 0.2, "f1-score": 0.20000000000000004, "support": 5}, "TWO BARRED FLASHER": {"precision": 1.0, "recall": 0.4, "f1-score": 0.5714285714285715, "support": 5}, "ULYSES": {"precision": 0.3333333333333333, "recall": 0.4, "f1-score": 0.3636363636363636, "support": 5}, "VICEROY": {"precision": 0.5714285714285714, "recall": 0.8, "f1-score": 0.6666666666666666, "support": 5}, "WOOD SATYR": {"precision": 0.4, "recall": 0.4, "f1-score": 0.4000000000000001, "support": 5}, "YELLOW SWALLOW TAIL": {"precision": 0.75, "recall": 0.6, "f1-score": 0.6666666666666665, "support": 5}, "ZEBRA LONG WING": {"precision": 0.8333333333333334, "recall": 1.0, "f1-score": 0.9090909090909091, "support": 5}, "accuracy": 0.5413333333333333, "macro avg": {"precision": 0.5606084656084657, "recall": 0.5413333333333333, "f1-score": 0.5248598242715888, "support": 375}, "weighted avg": {"precision": 0.5606084656084656, "recall": 0.5413333333333333, "f1-score": 0.524859824271589, "support": 375}}